energy_per_animal,animal_num,floor_area_total
125.6666767,94077,208026.4
1.466111228,38000,208026.4
2.827500226,70000,208026.4